n,uncompressed_time,uncompressed_av_depth,uncompressed_pairs, path_halved_time,path_halved_av_depth,path_halved_pairs,compressed_time,compressed_av_depth,compressed_pairs,
5,0.369393,0.8979999999999992,7.14,0.190571,0.8579999999999989,7.41,0.01406,0.8639999999999989,7.21
10,0.47990499999999997,1.1199999999999997,15.77,0.441963,1.0310000000000004,16.34,0.005519,0.9900000000000009,16.08
20,1.252173,1.3279999999999996,38.25,1.95654,1.0355000000000003,38.82,0.00818,1.0450000000000008,36.34
40,7.022503,1.4687500000000002,89.51,11.661148,1.0309999999999997,85.39,0.02158,1.0302499999999992,88.16
80,37.396143,1.609124999999999,195.57,42.078554000000004,1.0142499999999999,208.27,0.024184999999999998,1.0192500000000002,198.5
160,189.60500800000003,1.71225,466.01,201.38493200000002,1.0114375000000002,450.88,0.110823,1.010625,448.02
320,1163.294965,1.7881562499999992,1055.92,988.321179,1.0057500000000004,1033.7,0.14576599999999998,1.0030937500000006,1052.59
640,1871.735876,1.858718750000001,2265.57,1881.664056,1.0049999999999994,2181.59,0.31441600000000003,1.0016406249999996,2286.85
